,artist,title,difficulty,link
0,Chopin,Prelude in E minor Op.28 No.4,Intermediate Level,https://www.8notes.com/scores/9765.asp
1,Beethoven,Fur Elise (original) (Original Version),Intermediate Level,https://www.8notes.com/scores/7063.asp
2,Beethoven,Moonlight Sonata (1st mvt),Intermediate Level,https://www.8notes.com/scores/1754.asp
3,Beethoven,Fur Elise (Easy Version),Easy Level,https://www.8notes.com/scores/457.asp
4,Chopin,Nocturne Opus 9. No.2 (Full version),Advanced Level,https://www.8notes.com/scores/11399.asp
5,Rimsky-Korsakov,The Flight of the Bumblebee,Advanced Level,https://www.8notes.com/scores/2859.asp
6,Pachelbel,Canon in D (easy version),Intermediate Level,https://www.8notes.com/scores/420.asp
7,Trad.,O Holy Night (easy version),Easy Level,https://www.8notes.com/scores/13800.asp
8,Beethoven,Ode to Joy (Beginners) (Beginners),Beginners Level,https://www.8notes.com/scores/12180.asp
9,Tchaikovsky,Waltz from Sleeping Beauty (beginners) (Beginner Version),Beginners Level,https://www.8notes.com/scores/13169.asp
10,Beethoven,Moonlight Sonata (1st mvt) (Easy Version),Easy Level,https://www.8notes.com/scores/26841.asp
11,Satie,Gymnopedies No.1,Intermediate Level,https://www.8notes.com/scores/10375.asp
12,Bach,Air on a G String,Intermediate Level,https://www.8notes.com/scores/9752.asp
13,Beethoven,Ode to Joy (9th Symphony),Easy Level,https://www.8notes.com/scores/435.asp
14,Vivaldi,Spring from the Four Seasons (beginners),Beginners Level,https://www.8notes.com/scores/13170.asp
15,Carlos Gardel,Por Una Cabeza,Intermediate Level,https://www.8notes.com/scores/18093.asp
16,Schubert,Ave Maria,Intermediate Level,https://www.8notes.com/scores/22507.asp
17,Tchaikovsky,Dance of the Sugar Plum Fairy from the Nutcracker,Intermediate Level,https://www.8notes.com/scores/7323.asp
18,Mozart,Turkish March,Easy Level,https://www.8notes.com/scores/447.asp
19,Mozart,Eine Kleine Nachtmusik (beginner) (Beginner Version),Beginners Level,https://www.8notes.com/scores/418.asp
